,alpha,beta,gamma,tau,scf_cs,nn_scf_cs
0,4.0,0.2,8.0,0.2,1.990340131,3.1247406
1,13.0,0.2,8.0,0.2,2.011056229,3.124741
2,22.0,0.2,8.0,0.2,1.912498645,3.124741
3,31.0,0.2,8.0,0.2,1.813127388,3.124741
4,40.0,0.2,8.0,0.2,1.713443001,3.124741
5,4.0,0.3,8.0,0.2,1.843844874,3.1247406
6,13.0,0.3,8.0,0.2,2.111710626,3.1247406
7,22.0,0.3,8.0,0.2,2.112645482,3.124741
8,31.0,0.3,8.0,0.2,2.112814182,3.124741
9,40.0,0.3,8.0,0.2,2.112956306,3.124741
10,4.0,0.4,8.0,0.2,1.660765011,3.1247406
11,13.0,0.4,8.0,0.2,2.038316343,3.124741
12,22.0,0.4,8.0,0.2,2.034258145,3.124741
13,31.0,0.4,8.0,0.2,2.029447884,3.124741
14,40.0,0.4,8.0,0.2,2.024513848,3.124741
15,4.0,0.5,8.0,0.2,1.438130569,3.1247406
16,13.0,0.5,8.0,0.2,1.870108108,3.124741
17,22.0,0.5,8.0,0.2,1.859239471,3.1247416
18,31.0,0.5,8.0,0.2,1.846710924,3.1247416
19,40.0,0.5,8.0,0.2,1.834217374,3.124741
20,4.0,0.6,8.0,0.2,1.220351385,3.1247406
21,13.0,0.6,8.0,0.2,1.616248838,3.1247416
22,22.0,0.6,8.0,0.2,1.596675425,3.1247416
23,31.0,0.6,8.0,0.2,1.574322168,3.1247416
24,40.0,0.6,8.0,0.2,1.551990575,3.124741
25,4.0,0.7,8.0,0.2,1.000829538,3.124741
26,13.0,0.7,8.0,0.2,1.276780553,3.1247416
27,22.0,0.7,8.0,0.2,1.236525022,3.1247416
28,31.0,0.7,8.0,0.2,1.212404804,3.1247416
29,40.0,0.7,8.0,0.2,1.177959443,3.1247416
30,4.0,0.2,14.0,0.2,2.111473089,3.124742
31,13.0,0.2,14.0,0.2,2.499436341,3.1247587
32,22.0,0.2,14.0,0.2,2.504849512,3.124762
33,31.0,0.2,14.0,0.2,2.505077708,3.1247582
34,40.0,0.2,14.0,0.2,2.504923637,3.124754
35,4.0,0.3,14.0,0.2,1.915537267,3.1247435
36,13.0,0.3,14.0,0.2,2.587314331,3.12493
37,22.0,0.3,14.0,0.2,2.592836165,3.1249857
38,31.0,0.3,14.0,0.2,2.590309208,3.124895
39,40.0,0.3,14.0,0.2,2.587174046,3.1248212
40,4.0,0.4,14.0,0.2,1.648939289,3.124744
41,13.0,0.4,14.0,0.2,2.615392848,3.1251826
42,22.0,0.4,14.0,0.2,2.621197649,3.1254416
43,31.0,0.4,14.0,0.2,2.615108451,3.1251802
44,40.0,0.4,14.0,0.2,2.608421013,3.1249518
45,4.0,0.5,14.0,0.2,1.434185951,3.1247435
46,13.0,0.5,14.0,0.2,2.51007572,3.1249504
47,22.0,0.5,14.0,0.2,2.5154443,3.125167
48,31.0,0.5,14.0,0.2,2.503859979,3.1250381
49,40.0,0.5,14.0,0.2,2.491405651,3.124898
50,4.0,0.6,14.0,0.2,1.333108544,3.124743
51,13.0,0.6,14.0,0.2,2.359840146,3.1247997
52,22.0,0.6,14.0,0.2,2.358399218,3.1248803
53,31.0,0.6,14.0,0.2,2.339458117,3.1248512
54,40.0,0.6,14.0,0.2,2.31768089,3.1248074
55,4.0,0.7,14.0,0.2,1.220799176,3.1247425
56,13.0,0.7,14.0,0.2,2.012820166,3.124761
57,22.0,0.7,14.0,0.2,2.028413444,3.1247878
58,31.0,0.7,14.0,0.2,2.003696331,3.1247816
59,40.0,0.7,14.0,0.2,1.974248812,3.1247683
60,4.0,0.2,20.0,0.2,2.441264959,3.124774
61,13.0,0.2,20.0,0.2,3.042176634,3.1363163
62,22.0,0.2,20.0,0.2,3.075966145,3.1396146
63,31.0,0.2,20.0,0.2,3.076026409,3.135922
64,40.0,0.2,20.0,0.2,3.074882405,3.13128
65,4.0,0.3,20.0,0.2,2.200563537,3.1248565
66,13.0,0.3,20.0,0.2,3.372258372,3.2898555
67,22.0,0.3,20.0,0.2,3.425794521,3.3423934
68,31.0,0.3,20.0,0.2,3.424451156,3.3207664
69,40.0,0.3,20.0,0.2,3.421567415,3.2733865
70,4.0,0.4,20.0,0.2,1.87889958,3.124806
71,13.0,0.4,20.0,0.2,3.521748084,3.370596
72,22.0,0.4,20.0,0.2,3.596604649,3.4709253
73,31.0,0.4,20.0,0.2,3.592467653,3.4601612
74,40.0,0.4,20.0,0.2,3.586453881,3.4107356
75,4.0,0.5,20.0,0.2,1.697253747,3.124763
76,13.0,0.5,20.0,0.2,3.491134314,3.2728114
77,22.0,0.5,20.0,0.2,3.575484515,3.372715
78,31.0,0.5,20.0,0.2,3.568600059,3.3717632
79,40.0,0.5,20.0,0.2,3.558159536,3.3395271
80,4.0,0.6,20.0,0.2,1.576401671,3.1247501
81,13.0,0.6,20.0,0.2,3.198021694,3.1638741
82,22.0,0.6,20.0,0.2,3.302891131,3.2214088
83,31.0,0.6,20.0,0.2,3.295666972,3.2240448
84,40.0,0.6,20.0,0.2,3.280038827,3.2095475
85,4.0,0.7,20.0,0.2,1.53993321,3.1247463
86,13.0,0.7,20.0,0.2,2.790801622,3.129106
87,22.0,0.7,20.0,0.2,2.987662345,3.1455326
88,31.0,0.7,20.0,0.2,2.972766255,3.1474862
89,40.0,0.7,20.0,0.2,2.954526804,3.1436877
90,4.0,0.2,26.0,0.2,2.83432684,3.1259642
91,13.0,0.2,26.0,0.2,3.677494649,3.492982
92,22.0,0.2,26.0,0.2,3.77788186,3.5561576
93,31.0,0.2,26.0,0.2,3.778471906,3.538041
94,40.0,0.2,26.0,0.2,3.777985573,3.49579
95,4.0,0.3,26.0,0.2,2.444540331,3.1282983
96,13.0,0.3,26.0,0.2,4.135793583,4.0448856
97,22.0,0.3,26.0,0.2,4.298182215,4.2153554
98,31.0,0.3,26.0,0.2,4.297710296,4.2300453
99,40.0,0.3,26.0,0.2,4.296033751,4.214103
100,4.0,0.4,26.0,0.2,2.119567662,3.125821
101,13.0,0.4,26.0,0.2,4.399282866,4.2444577
102,22.0,0.4,26.0,0.2,4.627790932,4.501214
103,31.0,0.4,26.0,0.2,4.625362216,4.552166
104,40.0,0.4,26.0,0.2,4.621391556,4.575385
105,4.0,0.5,26.0,0.2,1.972484506,3.1249046
106,13.0,0.5,26.0,0.2,4.373647548,4.115905
107,22.0,0.5,26.0,0.2,4.641407135,4.4229503
108,31.0,0.5,26.0,0.2,4.640668145,4.4846253
109,40.0,0.5,26.0,0.2,4.633067712,4.5187645
110,4.0,0.6,26.0,0.2,1.897952612,3.1247773
111,13.0,0.6,26.0,0.2,3.999275177,3.787961
112,22.0,0.6,26.0,0.2,4.354667866,4.127991
113,31.0,0.6,26.0,0.2,4.35308619,4.187764
114,40.0,0.6,26.0,0.2,4.343333526,4.2152934
115,4.0,0.7,26.0,0.2,1.830942472,3.124754
116,13.0,0.7,26.0,0.2,3.361290999,3.4014826
117,22.0,0.7,26.0,0.2,3.887156907,3.7160945
118,31.0,0.7,26.0,0.2,3.875935249,3.7678833
119,40.0,0.7,26.0,0.2,3.864838427,3.7831154
120,4.0,0.2,32.0,0.2,3.277959696,3.1428337
121,13.0,0.2,32.0,0.2,4.386987441,4.2453065
122,22.0,0.2,32.0,0.2,4.592288486,4.35442
123,31.0,0.2,32.0,0.2,4.595184355,4.34526
124,40.0,0.2,32.0,0.2,4.595861869,4.3214006
125,4.0,0.3,32.0,0.2,2.662646714,3.150237
126,13.0,0.3,32.0,0.2,4.850015055,4.7933226
127,22.0,0.3,32.0,0.2,5.179411973,5.09293
128,31.0,0.3,32.0,0.2,5.182591337,5.1340137
129,40.0,0.3,32.0,0.2,5.182758661,5.154389
130,4.0,0.4,32.0,0.2,2.284432338,3.1333995
131,13.0,0.4,32.0,0.2,5.080517094,5.0744457
132,22.0,0.4,32.0,0.2,5.539154612,5.5142913
133,31.0,0.4,32.0,0.2,5.542704928,5.6005425
134,40.0,0.4,32.0,0.2,5.541342183,5.6657834
135,4.0,0.5,32.0,0.2,2.20381468,3.12613
136,13.0,0.5,32.0,0.2,5.043259639,5.0113635
137,22.0,0.5,32.0,0.2,5.602785101,5.5341573
138,31.0,0.5,32.0,0.2,5.613090115,5.635007
139,40.0,0.5,32.0,0.2,5.609230951,5.714881
140,4.0,0.6,32.0,0.2,2.254962819,3.1249247
141,13.0,0.6,32.0,0.2,4.701259045,4.7504773
142,22.0,0.6,32.0,0.2,5.451851537,5.3574615
143,31.0,0.6,32.0,0.2,5.456088119,5.458483
144,40.0,0.6,32.0,0.2,5.453532299,5.535011
145,4.0,0.7,32.0,0.2,2.141270455,3.124782
146,13.0,0.7,32.0,0.2,3.84272892,4.3303866
147,22.0,0.7,32.0,0.2,4.818267128,5.050464
148,31.0,0.7,32.0,0.2,4.822355628,5.149463
149,40.0,0.7,32.0,0.2,5.271986595,5.2155147
150,4.0,0.2,8.0,0.4,2.961904251,3.1262555
151,13.0,0.2,8.0,0.4,3.281764021,3.1645083
152,22.0,0.2,8.0,0.4,3.261084874,3.1639485
153,31.0,0.2,8.0,0.4,3.237766168,3.1500115
154,40.0,0.2,8.0,0.4,3.215424375,3.1374116
155,4.0,0.3,8.0,0.4,3.098386197,3.1284528
156,13.0,0.3,8.0,0.4,3.605298481,3.2739406
157,22.0,0.3,8.0,0.4,3.579987728,3.2740884
158,31.0,0.3,8.0,0.4,3.554262862,3.229197
159,40.0,0.3,8.0,0.4,3.528139566,3.1837316
160,4.0,0.4,8.0,0.4,2.878621578,3.1264586
161,13.0,0.4,8.0,0.4,3.54928258,3.3253736
162,22.0,0.4,8.0,0.4,3.514916954,3.3236895
163,31.0,0.4,8.0,0.4,3.479031649,3.2618608
164,40.0,0.4,8.0,0.4,3.438541685,3.2027235
165,4.0,0.5,8.0,0.4,2.657017564,3.1249552
166,13.0,0.5,8.0,0.4,3.49445445,3.2618756
167,22.0,0.5,8.0,0.4,3.442449945,3.2642837
168,31.0,0.5,8.0,0.4,3.389474196,3.2139153
169,40.0,0.5,8.0,0.4,3.335830766,3.1715636
170,4.0,0.6,8.0,0.4,2.399254708,3.1247554
171,13.0,0.6,8.0,0.4,3.315131772,3.170033
172,22.0,0.6,8.0,0.4,3.239601774,3.1783004
173,31.0,0.6,8.0,0.4,3.161442357,3.1554575
174,40.0,0.6,8.0,0.4,3.083125391,3.138917
175,4.0,0.7,8.0,0.4,1.860755062,3.124742
176,13.0,0.7,8.0,0.4,2.611477242,3.1304111
177,22.0,0.7,8.0,0.4,2.494462861,3.1350536
178,31.0,0.7,8.0,0.4,2.369560838,3.1302452
179,40.0,0.7,8.0,0.4,2.244503122,3.1270275
180,4.0,0.2,14.0,0.4,3.982840376,3.6024513
181,13.0,0.2,14.0,0.4,4.804005082,4.5119247
182,22.0,0.2,14.0,0.4,4.806543686,4.5346837
183,31.0,0.2,14.0,0.4,4.797555516,4.456406
184,40.0,0.2,14.0,0.4,4.787066444,4.336459
185,4.0,0.3,14.0,0.4,4.054772566,3.713458
186,13.0,0.3,14.0,0.4,5.40649808,5.241364
187,22.0,0.3,14.0,0.4,5.412913313,5.307063
188,31.0,0.3,14.0,0.4,5.400503346,5.239042
189,40.0,0.3,14.0,0.4,5.386801345,5.1180415
190,4.0,0.4,14.0,0.4,3.756279497,3.5205665
191,13.0,0.4,14.0,0.4,5.73302606,5.593263
192,22.0,0.4,14.0,0.4,5.737768258,5.6826572
193,31.0,0.4,14.0,0.4,5.71747122,5.6154966
194,40.0,0.4,14.0,0.4,5.695500698,5.4938674
195,4.0,0.5,14.0,0.4,3.151348393,3.2544928
196,13.0,0.5,14.0,0.4,5.565034711,5.488131
197,22.0,0.5,14.0,0.4,5.562820828,5.5799146
198,31.0,0.5,14.0,0.4,5.530530777,5.4889474
199,40.0,0.5,14.0,0.4,5.496125491,5.347729
200,4.0,0.6,14.0,0.4,2.777142388,3.141574
201,13.0,0.6,14.0,0.4,5.352117119,5.067399
202,22.0,0.6,14.0,0.4,5.33745782,5.178222
203,31.0,0.6,14.0,0.4,5.287119062,5.054215
204,40.0,0.6,14.0,0.4,5.234749487,4.8864117
205,4.0,0.7,14.0,0.4,2.366509852,3.1256928
206,13.0,0.7,14.0,0.4,4.661677365,4.3914022
207,22.0,0.7,14.0,0.4,4.623634206,4.5689106
208,31.0,0.7,14.0,0.4,4.552780201,4.431112
209,40.0,0.7,14.0,0.4,4.479234638,4.260087
210,4.0,0.2,20.0,0.4,5.097827684,4.9054494
211,13.0,0.2,20.0,0.4,6.434094494,6.234033
212,22.0,0.2,20.0,0.4,6.508280009,6.2215633
213,31.0,0.2,20.0,0.4,6.505845848,6.132433
214,40.0,0.2,20.0,0.4,6.500079734,6.052725
215,4.0,0.3,20.0,0.4,5.119103787,4.875847
216,13.0,0.3,20.0,0.4,7.408018059,7.207982
217,22.0,0.3,20.0,0.4,7.530546304,7.325724
218,31.0,0.3,20.0,0.4,7.527240606,7.2874846
219,40.0,0.3,20.0,0.4,7.520303244,7.243732
220,4.0,0.4,20.0,0.4,4.51369957,4.460777
221,13.0,0.4,20.0,0.4,7.889739063,7.7595334
222,22.0,0.4,20.0,0.4,8.050480064,7.960982
223,31.0,0.4,20.0,0.4,8.042560011,7.9675264
224,40.0,0.4,20.0,0.4,8.030094451,7.970622
225,4.0,0.5,20.0,0.4,3.861347033,3.8637671
226,13.0,0.5,20.0,0.4,7.956151779,7.731573
227,22.0,0.5,20.0,0.4,8.143120907,7.9708457
228,31.0,0.5,20.0,0.4,8.126230879,7.981251
229,40.0,0.5,20.0,0.4,8.104083879,7.9915676
230,4.0,0.6,20.0,0.4,3.499813843,3.3999724
231,13.0,0.6,20.0,0.4,7.806637944,7.4195585
232,22.0,0.6,20.0,0.4,7.999685135,7.696366
233,31.0,0.6,20.0,0.4,7.969005773,7.6829996
234,40.0,0.6,20.0,0.4,7.93200007,7.6705246
235,4.0,0.7,20.0,0.4,3.225020058,3.1845632
236,13.0,0.7,20.0,0.4,7.188845472,6.895142
237,22.0,0.7,20.0,0.4,7.361286819,7.2558904
238,31.0,0.7,20.0,0.4,7.314976126,7.2009034
239,40.0,0.7,20.0,0.4,7.258751624,7.146203
240,4.0,0.2,26.0,0.4,6.294313515,5.934832
241,13.0,0.2,26.0,0.4,8.141927215,7.806586
242,22.0,0.2,26.0,0.4,8.377400774,7.850188
243,31.0,0.2,26.0,0.4,8.379010216,7.74603
244,40.0,0.2,26.0,0.4,8.378608823,7.662735
245,4.0,0.3,26.0,0.4,6.020849725,5.8140426
246,13.0,0.3,26.0,0.4,9.234981942,9.044825
247,22.0,0.3,26.0,0.4,9.61518084,9.310951
248,31.0,0.3,26.0,0.4,9.617759208,9.264518
249,40.0,0.3,26.0,0.4,9.617427317,9.214633
250,4.0,0.4,26.0,0.4,5.127336086,5.2192206
251,13.0,0.4,26.0,0.4,9.799717696,9.79272
252,22.0,0.4,26.0,0.4,10.31089447,10.218092
253,31.0,0.4,26.0,0.4,10.31133644,10.242934
254,40.0,0.4,26.0,0.4,10.30839441,10.26332
255,4.0,0.5,26.0,0.4,4.517460837,4.481239
256,13.0,0.5,26.0,0.4,10.09868604,9.793773
257,22.0,0.5,26.0,0.4,10.71256217,10.310073
258,31.0,0.5,26.0,0.4,10.70604097,10.359073
259,40.0,0.5,26.0,0.4,10.69543714,10.407117
260,4.0,0.6,26.0,0.4,4.184123048,3.8865743
261,13.0,0.6,26.0,0.4,9.892509862,9.474629
262,22.0,0.6,26.0,0.4,10.54915001,10.079375
263,31.0,0.6,26.0,0.4,10.53472546,10.121257
264,40.0,0.6,26.0,0.4,10.51238019,10.164946
265,4.0,0.7,26.0,0.4,3.936292928,3.4811292
266,13.0,0.7,26.0,0.4,9.110182469,8.996213
267,22.0,0.7,26.0,0.4,9.760502975,9.744479
268,31.0,0.7,26.0,0.4,9.735259051,9.763362
269,40.0,0.7,26.0,0.4,9.696672204,9.786928
270,4.0,0.2,32.0,0.4,7.309435456,6.814502
271,13.0,0.2,32.0,0.4,9.60781755,9.560299
272,22.0,0.2,32.0,0.4,10.08293244,9.809409
273,31.0,0.2,32.0,0.4,10.09173226,9.719325
274,40.0,0.2,32.0,0.4,10.09536403,9.632512
275,4.0,0.3,32.0,0.4,6.893711174,6.7750363
276,13.0,0.3,32.0,0.4,11.00743467,11.059057
277,22.0,0.3,32.0,0.4,11.77670353,11.684968
278,31.0,0.3,32.0,0.4,11.7898653,11.660227
279,40.0,0.3,32.0,0.4,11.79612359,11.60095
280,4.0,0.4,32.0,0.4,5.851692351,6.0113583
281,13.0,0.4,32.0,0.4,11.75404429,12.022885
282,22.0,0.4,32.0,0.4,12.8078754,12.922992
283,31.0,0.4,32.0,0.4,12.82244334,12.995798
284,40.0,0.4,32.0,0.4,12.8505021,13.026493
285,4.0,0.5,32.0,0.4,5.106242745,5.122507
286,13.0,0.5,32.0,0.4,11.87085019,12.046121
287,22.0,0.5,32.0,0.4,13.11873465,13.114111
288,31.0,0.5,32.0,0.4,13.13101636,13.227447
289,40.0,0.5,32.0,0.4,13.14217554,13.300081
290,4.0,0.6,32.0,0.4,4.842350842,4.4645963
291,13.0,0.6,32.0,0.4,11.60495147,11.656862
292,22.0,0.6,32.0,0.4,12.96443261,12.893058
293,31.0,0.6,32.0,0.4,12.97495098,13.008917
294,40.0,0.6,32.0,0.4,12.96573896,13.085369
295,4.0,0.7,32.0,0.4,4.778844141,3.9977174
296,13.0,0.7,32.0,0.4,10.91909072,11.076731
297,22.0,0.7,32.0,0.4,12.36023085,12.564038
298,31.0,0.7,32.0,0.4,12.35683204,12.667747
299,40.0,0.7,32.0,0.4,12.33271351,12.733351
300,4.0,0.2,8.0,0.6,4.36752822,3.9401984
301,13.0,0.2,8.0,0.6,4.842457587,4.403567
302,22.0,0.2,8.0,0.6,4.780391058,4.3654275
303,31.0,0.2,8.0,0.6,4.716589681,4.2772517
304,40.0,0.2,8.0,0.6,4.652901533,4.1728287
305,4.0,0.3,8.0,0.6,4.108346464,4.03892
306,13.0,0.3,8.0,0.6,4.802741247,4.900125
307,22.0,0.3,8.0,0.6,4.733551032,4.85278
308,31.0,0.3,8.0,0.6,4.663302619,4.724901
309,40.0,0.3,8.0,0.6,4.592705297,4.562314
310,4.0,0.4,8.0,0.6,4.005126342,3.887115
311,13.0,0.4,8.0,0.6,4.950046676,5.113656
312,22.0,0.4,8.0,0.6,4.85402955,5.031075
313,31.0,0.4,8.0,0.6,4.792214408,4.8573294
314,40.0,0.4,8.0,0.6,4.696041035,4.6460967
315,4.0,0.5,8.0,0.6,3.748820507,3.5227633
316,13.0,0.5,8.0,0.6,4.876053813,4.921915
317,22.0,0.5,8.0,0.6,4.769743546,4.8029237
318,31.0,0.5,8.0,0.6,4.659997098,4.596916
319,40.0,0.5,8.0,0.6,4.550265274,4.3671927
320,4.0,0.6,8.0,0.6,3.210029224,3.2385135
321,13.0,0.6,8.0,0.6,4.459934892,4.511789
322,22.0,0.6,8.0,0.6,4.317602359,4.392558
323,31.0,0.6,8.0,0.6,4.176956983,4.190966
324,40.0,0.6,8.0,0.6,4.072289377,3.9848323
325,4.0,0.7,8.0,0.6,3.189577668,3.1413817
326,13.0,0.7,8.0,0.6,4.467007277,4.0632215
327,22.0,0.7,8.0,0.6,4.262038963,3.9942918
328,31.0,0.7,8.0,0.6,4.036988196,3.830237
329,40.0,0.7,8.0,0.6,3.828481887,3.6730018
330,4.0,0.2,14.0,0.6,5.678239236,5.8372645
331,13.0,0.2,14.0,0.6,6.927138909,6.718843
332,22.0,0.2,14.0,0.6,6.916920945,6.6351576
333,31.0,0.2,14.0,0.6,6.876752837,6.506287
334,40.0,0.2,14.0,0.6,6.857417453,6.39531
335,4.0,0.3,14.0,0.6,6.061212972,6.2054143
336,13.0,0.3,14.0,0.6,8.100696643,8.082021
337,22.0,0.3,14.0,0.6,8.099015592,8.076203
338,31.0,0.3,14.0,0.6,8.067542679,7.965419
339,40.0,0.3,14.0,0.6,8.034051462,7.854687
340,4.0,0.4,14.0,0.6,5.823710146,6.0684686
341,13.0,0.4,14.0,0.6,8.653132874,8.877898
342,22.0,0.4,14.0,0.6,8.652521728,8.925447
343,31.0,0.4,14.0,0.6,8.612617294,8.841604
344,40.0,0.4,14.0,0.6,8.570099442,8.754927
345,4.0,0.5,14.0,0.6,5.187641842,5.385677
346,13.0,0.5,14.0,0.6,8.701312898,8.926212
347,22.0,0.5,14.0,0.6,8.690435523,8.974394
348,31.0,0.5,14.0,0.6,8.633700545,8.869863
349,40.0,0.5,14.0,0.6,8.573949842,8.76207
350,4.0,0.6,14.0,0.6,4.503541603,4.5376463
351,13.0,0.6,14.0,0.6,8.349989218,8.545222
352,22.0,0.6,14.0,0.6,8.316853127,8.570653
353,31.0,0.6,14.0,0.6,8.233755951,8.409596
354,40.0,0.6,14.0,0.6,8.147444866,8.246891
355,4.0,0.7,14.0,0.6,3.756091491,3.8065963
356,13.0,0.7,14.0,0.6,7.382140775,7.834828
357,22.0,0.7,14.0,0.6,7.313258432,7.8573494
358,31.0,0.7,14.0,0.6,7.195799768,7.6325345
359,40.0,0.7,14.0,0.6,7.075952865,7.41612
360,4.0,0.2,20.0,0.6,7.598274232,7.6607985
361,13.0,0.2,20.0,0.6,9.674363066,9.260172
362,22.0,0.2,20.0,0.6,9.783940745,9.213556
363,31.0,0.2,20.0,0.6,9.77163478,9.050095
364,40.0,0.2,20.0,0.6,6.726933997,8.917528
365,4.0,0.3,20.0,0.6,7.847714685,8.046139
366,13.0,0.3,20.0,0.6,11.25578077,11.217172
367,22.0,0.3,20.0,0.6,11.44522604,11.327676
368,31.0,0.3,20.0,0.6,11.43708235,11.204854
369,40.0,0.3,20.0,0.6,11.42356331,11.089959
370,4.0,0.4,20.0,0.6,7.403291166,7.7695723
371,13.0,0.4,20.0,0.6,12.25211526,12.374918
372,22.0,0.4,20.0,0.6,12.50693642,12.627355
373,31.0,0.4,20.0,0.6,12.49614755,12.586397
374,40.0,0.4,20.0,0.6,12.47799685,12.551468
375,4.0,0.5,20.0,0.6,6.603308898,6.936273
376,13.0,0.5,20.0,0.6,12.68412867,12.545385
377,22.0,0.5,20.0,0.6,12.97997297,12.876738
378,31.0,0.5,20.0,0.6,12.95769332,12.861987
379,40.0,0.5,20.0,0.6,12.92679611,12.855237
380,4.0,0.6,20.0,0.6,5.8527134,6.019583
381,13.0,0.6,20.0,0.6,12.56324646,12.266392
382,22.0,0.6,20.0,0.6,12.86502733,12.660326
383,31.0,0.6,20.0,0.6,12.82113194,12.628056
384,40.0,0.6,20.0,0.6,12.76838826,12.604298
385,4.0,0.7,20.0,0.6,5.287980844,5.188516
386,13.0,0.7,20.0,0.6,11.91169149,11.721128
387,22.0,0.7,20.0,0.6,12.16607614,12.202703
388,31.0,0.7,20.0,0.6,12.08693216,12.121876
389,40.0,0.7,20.0,0.6,11.99843589,12.050569
390,4.0,0.2,26.0,0.6,9.485658466,9.226776
391,13.0,0.2,26.0,0.6,12.36345469,11.843671
392,22.0,0.2,26.0,0.6,12.72771253,11.972928
393,31.0,0.2,26.0,0.6,12.72570955,11.802714
394,40.0,0.2,26.0,0.6,12.72116652,11.650336
395,4.0,0.3,26.0,0.6,9.693150654,9.57482
396,13.0,0.3,26.0,0.6,14.46651942,14.22139
397,22.0,0.3,26.0,0.6,15.07366428,14.60298
398,31.0,0.3,26.0,0.6,15.07959371,14.485585
399,40.0,0.3,26.0,0.6,15.08140654,14.353591
400,4.0,0.4,26.0,0.6,8.831579733,9.052706
401,13.0,0.4,26.0,0.6,15.62033882,15.658138
402,22.0,0.4,26.0,0.6,16.44241911,16.263645
403,31.0,0.4,26.0,0.6,16.44975419,16.257526
404,40.0,0.4,26.0,0.6,16.4516918,16.231655
405,4.0,0.5,26.0,0.6,7.768200861,8.060073
406,13.0,0.5,26.0,0.6,16.13121492,15.882333
407,22.0,0.5,26.0,0.6,17.11282869,16.641003
408,31.0,0.5,26.0,0.6,17.11320726,16.686796
409,40.0,0.5,26.0,0.6,17.10727213,16.714502
410,4.0,0.6,26.0,0.6,6.951896924,7.126622
411,13.0,0.6,26.0,0.6,15.98874472,15.575001
412,22.0,0.6,26.0,0.6,17.03376692,16.486578
413,31.0,0.6,26.0,0.6,17.01741114,16.540094
414,40.0,0.6,26.0,0.6,16.9940186,16.575981
415,4.0,0.7,26.0,0.6,6.343623641,6.3707905
416,13.0,0.7,26.0,0.6,15.09748618,15.010739
417,22.0,0.7,26.0,0.6,16.07512306,16.145359
418,31.0,0.7,26.0,0.6,16.03048598,16.18545
419,40.0,0.7,26.0,0.6,15.97564079,16.20779
420,4.0,0.2,32.0,0.6,11.22048643,10.81713
421,13.0,0.2,32.0,0.6,14.81887554,14.552494
422,22.0,0.2,32.0,0.6,15.55395019,15.059037
423,31.0,0.2,32.0,0.6,15.56581581,14.939063
424,40.0,0.2,32.0,0.6,15.57079944,14.795119
425,4.0,0.3,32.0,0.6,11.34968357,11.246851
426,13.0,0.3,32.0,0.6,17.38508326,17.215551
427,22.0,0.3,32.0,0.6,18.61654613,18.122194
428,31.0,0.3,32.0,0.6,18.64260503,18.057295
429,40.0,0.3,32.0,0.6,18.65768332,17.92625
430,4.0,0.4,32.0,0.6,10.16298729,10.433598
431,13.0,0.4,32.0,0.6,18.72121465,18.964138
432,22.0,0.4,32.0,0.6,20.40956464,20.255556
433,31.0,0.4,32.0,0.6,20.44339306,20.330389
434,40.0,0.4,32.0,0.6,20.46235494,20.323847
435,4.0,0.5,32.0,0.6,8.758452441,9.247055
436,13.0,0.5,32.0,0.6,18.98935844,19.25582
437,22.0,0.5,32.0,0.6,21.00937617,20.815512
438,31.0,0.5,32.0,0.6,21.04262947,20.969776
439,40.0,0.5,32.0,0.6,21.05804642,21.041079
440,4.0,0.6,32.0,0.6,7.961932662,8.278656
441,13.0,0.6,32.0,0.6,18.81220202,18.860342
442,22.0,0.6,32.0,0.6,20.99434058,20.677364
443,31.0,0.6,32.0,0.6,21.01634968,20.854778
444,40.0,0.6,32.0,0.6,21.01758638,20.947403
445,4.0,0.7,32.0,0.6,7.574887949,7.5514727
446,13.0,0.7,32.0,0.6,18.12271797,18.140772
447,22.0,0.7,32.0,0.6,20.26511693,20.322826
448,31.0,0.7,32.0,0.6,20.26234523,20.502808
449,40.0,0.7,32.0,0.6,20.23263404,20.5944
450,4.0,0.2,8.0,0.8,4.749016477,4.7154064
451,13.0,0.2,8.0,0.8,5.308389159,5.153557
452,22.0,0.2,8.0,0.8,5.206723226,5.0527906
453,31.0,0.2,8.0,0.8,5.106697488,4.9328213
454,40.0,0.2,8.0,0.8,5.001721066,4.8195624
455,4.0,0.3,8.0,0.8,5.582685212,5.0606627
456,13.0,0.3,8.0,0.8,6.531512178,5.9627004
457,22.0,0.3,8.0,0.8,6.392957189,5.828025
458,31.0,0.3,8.0,0.8,6.255034344,5.646184
459,40.0,0.3,8.0,0.8,6.111981722,5.456037
460,4.0,0.4,8.0,0.8,4.910586989,4.9977183
461,13.0,0.4,8.0,0.8,6.087717813,6.33682
462,22.0,0.4,8.0,0.8,5.940940861,6.1484222
463,31.0,0.4,8.0,0.8,5.789491907,5.905656
464,40.0,0.4,8.0,0.8,5.639808066,5.6501503
465,4.0,0.5,8.0,0.8,4.590351396,4.4823036
466,13.0,0.5,8.0,0.8,5.96312264,6.1294928
467,22.0,0.5,8.0,0.8,5.790430598,5.879617
468,31.0,0.5,8.0,0.8,5.610173252,5.582212
469,40.0,0.5,8.0,0.8,5.432071199,5.282232
470,4.0,0.6,8.0,0.8,3.887802151,3.863258
471,13.0,0.6,8.0,0.8,5.278428436,5.610554
472,22.0,0.6,8.0,0.8,5.074184844,5.333442
473,31.0,0.6,8.0,0.8,4.855662231,5.0216937
474,40.0,0.6,8.0,0.8,4.643387379,4.727481
475,4.0,0.7,8.0,0.8,4.293420094,3.4206367
476,13.0,0.7,8.0,0.8,5.876663637,5.015904
477,22.0,0.7,8.0,0.8,5.562749085,4.771819
478,31.0,0.7,8.0,0.8,5.193914231,4.4936175
479,40.0,0.7,8.0,0.8,4.803094582,4.248552
480,4.0,0.2,14.0,0.8,7.124085026,7.08509
481,13.0,0.2,14.0,0.8,8.76096843,8.274798
482,22.0,0.2,14.0,0.8,6.760374899,8.162851
483,31.0,0.2,14.0,0.8,8.671680951,7.9898977
484,40.0,0.2,14.0,0.8,8.61128034,7.8445477
485,4.0,0.3,14.0,0.8,7.651654255,7.95641
486,13.0,0.3,14.0,0.8,10.32622969,10.326722
487,22.0,0.3,14.0,0.8,10.30700942,10.272617
488,31.0,0.3,14.0,0.8,10.24161663,10.0874
489,40.0,0.3,14.0,0.8,10.17650475,9.913249
490,4.0,0.4,14.0,0.8,7.690702977,8.090033
491,13.0,0.4,14.0,0.8,11.38664876,11.614805
492,22.0,0.4,14.0,0.8,11.36796426,11.638761
493,31.0,0.4,14.0,0.8,11.29580346,11.4915905
494,40.0,0.4,14.0,0.8,11.21983846,11.3498745
495,4.0,0.5,14.0,0.8,7.191005929,7.4419746
496,13.0,0.5,14.0,0.8,11.7712088,11.890037
497,22.0,0.5,14.0,0.8,11.74018664,11.935009
498,31.0,0.5,14.0,0.8,11.64619855,11.771465
499,40.0,0.5,14.0,0.8,11.54855839,11.61008
500,4.0,0.6,14.0,0.8,6.414640377,6.5146623
501,13.0,0.6,14.0,0.8,11.50150824,11.600507
502,22.0,0.6,14.0,0.8,11.43896078,11.633141
503,31.0,0.6,14.0,0.8,11.30933547,11.402775
504,40.0,0.6,14.0,0.8,11.17560909,11.172135
505,4.0,0.7,14.0,0.8,5.679659297,5.557952
506,13.0,0.7,14.0,0.8,10.80534449,10.886471
507,22.0,0.7,14.0,0.8,10.68415132,10.912474
508,31.0,0.7,14.0,0.8,10.49637694,10.594638
509,40.0,0.7,14.0,0.8,10.30438921,10.28323
510,4.0,0.2,20.0,0.8,9.97088055,9.796389
511,13.0,0.2,20.0,0.8,12.76559729,12.12532
512,22.0,0.2,20.0,0.8,12.90457631,12.118738
513,31.0,0.2,20.0,0.8,12.87076577,11.912348
514,40.0,0.2,20.0,0.8,9.079969248,11.732602
515,4.0,0.3,20.0,0.8,10.4900477,10.712536
516,13.0,0.3,20.0,0.8,15.07401157,14.93665
517,22.0,0.3,20.0,0.8,15.32181443,15.078027
518,31.0,0.3,20.0,0.8,15.29853528,14.89721
519,40.0,0.3,20.0,0.8,15.26745581,14.717618
520,4.0,0.4,20.0,0.8,10.29360509,10.704114
521,13.0,0.4,20.0,0.8,16.71005918,16.693197
522,22.0,0.4,20.0,0.8,17.05364793,17.009838
523,31.0,0.4,20.0,0.8,17.02948523,16.92908
524,40.0,0.4,20.0,0.8,16.9957564,16.845242
525,4.0,0.5,20.0,0.8,9.408945911,9.83325
526,13.0,0.5,20.0,0.8,17.40060394,17.154484
527,22.0,0.5,20.0,0.8,17.80155043,17.589146
528,31.0,0.5,20.0,0.8,17.76495421,17.549395
529,40.0,0.5,20.0,0.8,17.71731266,17.507103
530,4.0,0.6,20.0,0.8,8.365697685,8.811168
531,13.0,0.6,20.0,0.8,17.28439096,17.013977
532,22.0,0.6,20.0,0.8,17.69001028,17.552338
533,31.0,0.6,20.0,0.8,17.62520145,17.500906
534,40.0,0.6,20.0,0.8,17.54863618,17.444763
535,4.0,0.7,20.0,0.8,7.555418434,7.917305
536,13.0,0.7,20.0,0.8,16.65764111,16.533575
537,22.0,0.7,20.0,0.8,16.99869457,17.213943
538,31.0,0.7,20.0,0.8,16.87901582,17.11589
539,40.0,0.7,20.0,0.8,16.74766568,17.009275
540,4.0,0.2,26.0,0.8,12.43380537,12.183712
541,13.0,0.2,26.0,0.8,16.31756132,15.719539
542,22.0,0.2,26.0,0.8,16.80485022,16.002047
543,31.0,0.2,26.0,0.8,16.79234519,15.827401
544,40.0,0.2,26.0,0.8,16.77563613,15.650077
545,4.0,0.3,26.0,0.8,13.21680402,12.911225
546,13.0,0.3,26.0,0.8,19.64953675,18.974712
547,22.0,0.3,26.0,0.8,20.47967116,19.49877
548,31.0,0.3,26.0,0.8,20.48082396,19.345486
549,40.0,0.3,26.0,0.8,20.47645744,19.157991
550,4.0,0.4,26.0,0.8,12.38730584,12.621413
551,13.0,0.4,26.0,0.8,21.32528179,21.224543
552,22.0,0.4,26.0,0.8,22.45675599,22.060858
553,31.0,0.4,26.0,0.8,22.4645153,22.040308
554,40.0,0.4,26.0,0.8,22.46526707,21.973928
555,4.0,0.5,26.0,0.8,11.20208598,11.535445
556,13.0,0.5,26.0,0.8,22.26589692,21.841614
557,22.0,0.5,26.0,0.8,23.61958974,22.904888
558,31.0,0.5,26.0,0.8,23.62048956,22.963541
559,40.0,0.5,26.0,0.8,23.6131329,22.97648
560,4.0,0.6,26.0,0.8,9.983475832,10.440062
561,13.0,0.6,26.0,0.8,22.19168658,21.676472
562,22.0,0.6,26.0,0.8,23.6338387,22.959932
563,31.0,0.6,26.0,0.8,23.61247266,23.037663
564,40.0,0.6,26.0,0.8,23.58193411,23.06768
565,4.0,0.7,26.0,0.8,9.085607592,9.598765
566,13.0,0.7,26.0,0.8,21.39906297,21.142902
567,22.0,0.7,26.0,0.8,22.75832796,22.73915
568,31.0,0.7,26.0,0.8,22.74165238,22.809502
569,40.0,0.7,26.0,0.8,22.66267365,22.827248
570,4.0,0.2,32.0,0.8,15.04528815,14.470282
571,13.0,0.2,32.0,0.8,19.96387396,19.025694
572,22.0,0.2,32.0,0.8,20.96960623,19.848566
573,31.0,0.2,32.0,0.8,20.97883399,19.754938
574,40.0,0.2,32.0,0.8,20.97806372,19.602533
575,4.0,0.3,32.0,0.8,15.26037636,15.06923
576,13.0,0.3,32.0,0.8,23.27520488,22.863482
577,22.0,0.3,32.0,0.8,24.9553024,24.180801
578,31.0,0.3,32.0,0.8,24.98835804,24.098768
579,40.0,0.3,32.0,0.8,25.0065903,23.9048
580,4.0,0.4,32.0,0.8,14.18544432,14.433393
581,13.0,0.4,32.0,0.8,25.31628245,25.753063
582,22.0,0.4,32.0,0.8,27.62517198,27.49081
583,31.0,0.4,32.0,0.8,27.67312993,27.584839
584,40.0,0.4,32.0,0.8,27.70105722,27.553274
585,4.0,0.5,32.0,0.8,12.51235237,13.137454
586,13.0,0.5,32.0,0.8,25.98051264,26.524172
587,22.0,0.5,32.0,0.8,28.74714452,28.54907
588,31.0,0.5,32.0,0.8,28.79712979,28.743587
589,40.0,0.5,32.0,0.8,28.82255571,28.814756
590,4.0,0.6,32.0,0.8,11.38832188,11.987483
591,13.0,0.6,32.0,0.8,26.20554368,26.288527
592,22.0,0.6,32.0,0.8,29.23186243,28.652962
593,31.0,0.6,32.0,0.8,29.26576025,28.882698
594,40.0,0.6,32.0,0.8,29.27290499,28.985052
595,4.0,0.7,32.0,0.8,10.5397144,11.162431
596,13.0,0.7,32.0,0.8,25.37360118,25.578608
597,22.0,0.7,32.0,0.8,28.32051104,28.460566
598,31.0,0.7,32.0,0.8,28.31134758,28.705307
599,40.0,0.7,32.0,0.8,28.27326175,28.813189
600,4.0,0.2,8.0,1.0,4.999030384,5.3186917
601,13.0,0.2,8.0,1.0,5.621300728,5.8577194
602,22.0,0.2,8.0,1.0,5.48942695,5.7201576
603,31.0,0.2,8.0,1.0,5.354233864,5.5597415
604,40.0,0.2,8.0,1.0,5.21804548,5.407291
605,4.0,0.3,8.0,1.0,6.27821012,5.893507
606,13.0,0.3,8.0,1.0,7.356724708,6.9124107
607,22.0,0.3,8.0,1.0,7.163246901,6.6994863
608,31.0,0.3,8.0,1.0,6.961398224,6.4375095
609,40.0,0.3,8.0,1.0,6.755395727,6.168967
610,4.0,0.4,8.0,1.0,5.644870393,5.9139404
611,13.0,0.4,8.0,1.0,7.004678627,7.408767
612,22.0,0.4,8.0,1.0,4.963261995,7.1110363
613,31.0,0.4,8.0,1.0,6.557208277,6.754737
614,40.0,0.4,8.0,1.0,6.331523584,6.3829794
615,4.0,0.5,8.0,1.0,5.311481432,5.33086
616,13.0,0.5,8.0,1.0,6.902938458,7.1673255
617,22.0,0.5,8.0,1.0,6.652577682,6.780358
618,31.0,0.5,8.0,1.0,6.390552946,6.342427
619,40.0,0.5,8.0,1.0,2.121256105,5.9005637
620,4.0,0.6,8.0,1.0,5.08276824,4.55822
621,13.0,0.6,8.0,1.0,6.818879511,6.5306516
622,22.0,0.6,8.0,1.0,6.503824699,6.095761
623,31.0,0.6,8.0,1.0,6.18315196,5.6305504
624,40.0,0.6,8.0,1.0,5.86161575,5.1910844
625,4.0,0.7,8.0,1.0,3.625970555,3.9049668
626,13.0,0.7,8.0,1.0,4.78036567,5.78211
627,22.0,0.7,8.0,1.0,4.452423853,5.3724995
628,31.0,0.7,8.0,1.0,4.063880504,4.946733
629,40.0,0.7,8.0,1.0,3.713325306,4.5737014
630,4.0,0.2,14.0,1.0,8.378822857,8.217377
631,13.0,0.2,14.0,1.0,10.36279269,9.816415
632,22.0,0.2,14.0,1.0,10.30239827,9.714824
633,31.0,0.2,14.0,1.0,10.20872944,9.514801
634,40.0,0.2,14.0,1.0,10.11303872,9.339689
635,4.0,0.3,14.0,1.0,9.294828478,9.471212
636,13.0,0.3,14.0,1.0,12.60644956,12.404884
637,22.0,0.3,14.0,1.0,12.54795818,12.346615
638,31.0,0.3,14.0,1.0,8.50402764,12.112056
639,40.0,0.3,14.0,1.0,12.32952346,11.883583
640,4.0,0.4,14.0,1.0,9.621352324,9.835192
641,13.0,0.4,14.0,1.0,14.21555953,14.124738
642,22.0,0.4,14.0,1.0,14.15981379,14.161565
643,31.0,0.4,14.0,1.0,14.034704,13.971923
644,40.0,0.4,14.0,1.0,13.90538204,13.779194
645,4.0,0.5,14.0,1.0,8.997546893,9.195786
646,13.0,0.5,14.0,1.0,14.59467153,14.611617
647,22.0,0.5,14.0,1.0,14.52614499,14.688594
648,31.0,0.5,14.0,1.0,14.3774769,14.486301
649,40.0,0.5,14.0,1.0,14.22408348,14.274803
650,4.0,0.6,14.0,1.0,8.195280499,8.208141
651,13.0,0.6,14.0,1.0,14.47376157,14.420229
652,22.0,0.6,14.0,1.0,14.36528236,14.505014
653,31.0,0.6,14.0,1.0,14.17179978,14.230139
654,40.0,0.6,14.0,1.0,13.97312792,13.939276
655,4.0,0.7,14.0,1.0,7.119092875,7.198256
656,13.0,0.7,14.0,1.0,13.35378112,13.732607
657,22.0,0.7,14.0,1.0,13.1714418,13.837584
658,31.0,0.7,14.0,1.0,12.90853985,13.459673
659,40.0,0.7,14.0,1.0,12.64046482,13.0660515
660,4.0,0.2,20.0,1.0,11.91938387,11.871977
661,13.0,0.2,20.0,1.0,15.3650453,14.980509
662,22.0,0.2,20.0,1.0,15.52206182,15.063835
663,31.0,0.2,20.0,1.0,15.4597687,14.85634
664,40.0,0.2,20.0,1.0,15.39485596,14.659948
665,4.0,0.3,20.0,1.0,13.03237871,13.232641
666,13.0,0.3,20.0,1.0,18.79178043,18.4148
667,22.0,0.3,20.0,1.0,19.08517803,18.625132
668,31.0,0.3,20.0,1.0,19.03267919,18.41569
669,40.0,0.3,20.0,1.0,18.97043868,18.193533
670,4.0,0.4,20.0,1.0,12.98833031,13.52767
671,13.0,0.4,20.0,1.0,20.99496335,20.849081
672,22.0,0.4,20.0,1.0,21.4121321,21.284477
673,31.0,0.4,20.0,1.0,21.35899532,21.18379
674,40.0,0.4,20.0,1.0,21.29371564,21.06158
675,4.0,0.5,20.0,1.0,12.0819738,12.622555
676,13.0,0.5,20.0,1.0,21.98328622,21.665369
677,22.0,0.5,20.0,1.0,22.47398533,22.269121
678,31.0,0.5,20.0,1.0,22.4066921,22.229103
679,40.0,0.5,20.0,1.0,22.32515214,22.166838
680,4.0,0.6,20.0,1.0,10.72960791,11.437871
681,13.0,0.6,20.0,1.0,21.74665017,21.664274
682,22.0,0.6,20.0,1.0,22.23707801,22.417175
683,31.0,0.6,20.0,1.0,22.13545402,22.371828
684,40.0,0.6,20.0,1.0,22.019331,22.300066
685,4.0,0.7,20.0,1.0,9.874380605,10.424864
686,13.0,0.7,20.0,1.0,21.39552847,21.22158
687,22.0,0.7,20.0,1.0,21.80217857,22.176893
688,31.0,0.7,20.0,1.0,21.62252728,22.08447
689,40.0,0.7,20.0,1.0,21.42793733,21.957745
690,4.0,0.2,26.0,1.0,15.38621011,14.988723
691,13.0,0.2,26.0,1.0,20.27551696,19.447136
692,22.0,0.2,26.0,1.0,20.88638275,19.933994
693,31.0,0.2,26.0,1.0,20.85353754,19.784777
694,40.0,0.2,26.0,1.0,20.81547427,19.608576
695,4.0,0.3,26.0,1.0,16.37940056,16.055105
696,13.0,0.3,26.0,1.0,24.43979005,23.699783
697,22.0,0.3,26.0,1.0,25.47776238,24.458412
698,31.0,0.3,26.0,1.0,25.46224765,24.285969
699,40.0,0.3,26.0,1.0,25.4398762,24.048126
700,4.0,0.4,26.0,1.0,15.84705365,16.114353
701,13.0,0.4,26.0,1.0,26.97134264,26.902952
702,22.0,0.4,26.0,1.0,28.40025076,27.963432
703,31.0,0.4,26.0,1.0,28.39351785,27.957592
704,40.0,0.4,26.0,1.0,28.3778539,27.876345
705,4.0,0.5,26.0,1.0,14.25438225,14.983724
706,13.0,0.5,26.0,1.0,27.80969096,27.899221
707,22.0,0.5,26.0,1.0,29.49981335,29.174173
708,31.0,0.5,26.0,1.0,29.48775978,29.264364
709,40.0,0.5,26.0,1.0,29.46515398,29.282885
710,4.0,0.6,26.0,1.0,13.05557613,13.663733
711,13.0,0.6,26.0,1.0,28.39655024,27.886547
712,22.0,0.6,26.0,1.0,30.21993054,29.408405
713,31.0,0.6,26.0,1.0,30.17599633,29.52468
714,40.0,0.6,26.0,1.0,30.12053032,29.566963
715,4.0,0.7,26.0,1.0,11.77554809,12.626525
716,13.0,0.7,26.0,1.0,27.45907003,27.416126
717,22.0,0.7,26.0,1.0,29.17212791,29.321646
718,31.0,0.7,26.0,1.0,29.06138388,29.437136
719,40.0,0.7,26.0,1.0,28.93955458,29.470913
720,4.0,0.2,32.0,1.0,18.30960988,17.709383
721,13.0,0.2,32.0,1.0,24.46327358,23.432318
722,22.0,0.2,32.0,1.0,25.72191699,24.747023
723,31.0,0.2,32.0,1.0,25.72030012,24.702654
724,40.0,0.2,32.0,1.0,25.70565852,24.549519
725,4.0,0.3,32.0,1.0,19.33087587,18.470701
726,13.0,0.3,32.0,1.0,29.46565575,28.385742
727,22.0,0.3,32.0,1.0,31.60631881,29.96471
728,31.0,0.3,32.0,1.0,31.63573761,29.908785
729,40.0,0.3,32.0,1.0,31.64579037,29.711382
730,4.0,0.4,32.0,1.0,18.33363782,18.22528
731,13.0,0.4,32.0,1.0,32.22937306,31.748188
732,22.0,0.4,32.0,1.0,35.17737447,33.385746
733,31.0,0.4,32.0,1.0,35.22744328,33.481678
734,40.0,0.4,32.0,1.0,35.25187213,33.453514
735,4.0,0.5,32.0,1.0,16.38472078,16.91241
736,13.0,0.5,32.0,1.0,33.19984474,32.691273
737,22.0,0.5,32.0,1.0,36.72807626,34.449158
738,31.0,0.5,32.0,1.0,36.78167426,34.62094
739,40.0,0.5,32.0,1.0,36.80444847,34.68014
740,4.0,0.6,32.0,1.0,14.69637068,15.53546
741,13.0,0.6,32.0,1.0,33.22310599,32.640118
742,22.0,0.6,32.0,1.0,37.04409939,34.658413
743,31.0,0.6,32.0,1.0,37.07590758,34.857296
744,40.0,0.6,32.0,1.0,37.01700607,34.94224
745,4.0,0.7,32.0,1.0,13.41170787,14.488389
746,13.0,0.7,32.0,1.0,32.33722664,32.142025
747,22.0,0.7,32.0,1.0,36.06738449,34.62049
748,31.0,0.7,32.0,1.0,36.03930471,34.833607
749,40.0,0.7,32.0,1.0,36.07463516,34.924706
750,25.0,0.32,19.0,0.43,7.605911679,7.779995
751,15.0,0.41,12.0,0.47,5.90529947,5.9089565
752,12.0,0.32,31.0,0.46,12.45936921,12.65897
753,22.0,0.45,23.0,0.45,10.73153556,10.4987955
754,6.0,0.64,23.0,0.83,12.64726547,12.554541
755,13.0,0.21,34.0,0.34,8.423842419,8.559437
756,29.0,0.47,16.0,0.49,8.067373519,8.223867
757,24.0,0.33,19.0,0.38,6.960638452,6.8592505
758,12.0,0.44,22.0,0.63,14.14493861,14.2194195
759,14.0,0.58,24.0,0.65,16.6820244,16.226864
760,10.0,0.58,12.0,0.61,6.927509074,7.0595875
761,17.0,0.41,20.0,0.46,9.376988108,9.340929
762,25.21,0.29,8.82,0.46,3.305335741,3.9615054
763,22.72,0.4,8.04,0.47,3.221913144,3.921505
764,14.0,0.27,23.0,0.37,7.475821337,7.1696186
765,6.37,0.31,25.98,0.73,14.29194055,14.320453
766,28.0,0.4,15.0,0.43,6.529201467,6.6266265
767,25.35,0.47,15.29,0.49,7.647898562,7.8806906
768,12.0,0.3,31.0,0.45,11.99342023,12.039238
769,7.0,0.52,12.0,0.68,7.180466961,7.26377
770,19.0,0.36,13.0,0.38,5.020034472,4.8433905
771,23.6,0.33,8.05,0.45,3.047026747,3.6918173
772,11.0,0.65,22.0,0.75,16.40573722,16.213894
773,13.0,0.33,17.0,0.45,7.430354781,7.415572
774,22.0,0.38,21.0,0.4,8.363166348,8.249524
775,17.2,0.44,15.32,0.5,7.728522727,8.10656
776,20.0,0.38,16.0,0.41,6.624937189,6.640549
777,19.0,0.42,23.0,0.43,10.0012712,9.878552
778,9.96,0.29,28.7,0.63,15.1450793,15.181872
779,24.28,0.29,25.15,0.32,6.944602939,6.8984365
780,14.0,0.5,13.0,0.5,6.577388107,6.7813187
781,27.75,0.34,8.2,0.42,2.871887173,3.446682
782,17.0,0.37,13.0,0.37,4.883855737,4.6819334
783,22.0,0.31,25.0,0.31,7.040769194,6.79945
784,19.0,0.39,16.0,0.41,6.652413329,6.6628985
785,4.0,0.29,14.0,0.34,3.447760827,3.204811
786,11.78,0.39,18.78,0.52,9.610025039,9.808377
787,20.77,0.23,25.79,0.24,4.657107391,4.5801473
788,9.0,0.57,14.0,0.59,7.80349628,7.799618
789,25.16,0.38,17.06,0.4,6.591237399,6.845538
790,9.0,0.68,29.0,0.76,17.5215567,17.44532
791,26.0,0.3,19.0,0.32,5.29279035,5.425133
792,9.95,0.27,15.84,0.41,5.385940603,5.665115
793,11.0,0.54,31.0,0.7,20.35822159,20.693205
794,6.0,0.6,21.0,0.63,8.914127367,8.798194
795,14.0,0.46,15.0,0.46,6.91426941,7.154517
796,4.0,0.32,26.0,0.49,7.572516997,7.507753
797,11.0,0.47,31.0,0.58,16.46824224,16.983328
798,19.0,0.31,12.0,0.35,3.633139671,3.8153405
799,8.0,0.49,12.0,0.51,5.83544544,5.7013645
800,10.0,0.61,19.0,0.62,11.44065467,11.192291
801,8.26,0.29,15.3,0.41,5.087029532,5.431177
802,6.9,0.34,10.33,0.45,3.872830561,4.1479516
803,13.0,0.31,26.0,0.39,9.043493193,8.899144
804,5.0,0.5,8.0,0.5,3.597675672,3.274053
805,8.0,0.36,16.0,0.43,6.197690942,6.2274284
806,14.0,0.65,30.0,0.65,20.00548555,19.691332
807,10.0,0.61,27.0,0.77,19.13529125,19.131712
808,8.02,0.3,16.71,0.34,4.486270523,4.6080017
809,9.0,0.53,25.0,0.58,12.51595523,12.739335
810,7.19,0.49,23.87,0.75,14.42330352,14.923302
811,5.0,0.34,20.0,0.54,7.662035553,7.9111586
812,8.75,0.31,19.41,0.39,6.179801318,6.4663177
813,5.0,0.33,27.0,0.39,6.644990488,6.399171
814,11.0,0.64,28.0,0.71,18.66828764,18.62446
815,7.57,0.55,24.29,0.63,12.07685624,12.170411
816,8.0,0.56,23.0,0.65,12.44023392,12.567726
817,9.0,0.4,18.0,0.4,6.561937752,6.566527
818,7.0,0.37,30.0,0.55,12.31200268,12.436836
819,7.0,0.42,18.0,0.48,7.150641507,7.4013186
820,9.0,0.34,27.0,0.39,8.416474754,8.594603
821,5.0,0.41,19.0,0.55,7.344073006,7.6064277
822,8.0,0.32,27.0,0.36,7.334888908,7.374591
823,9.0,0.39,22.0,0.41,7.74959869,7.91842
824,6.0,0.44,25.0,0.57,10.11494594,10.230553
825,27.0,0.36,10.0,0.81,4.811773627,7.6335106
826,38.0,0.68,31.0,0.8,27.579621,27.859196
827,4.0,0.62,26.0,0.62,7.114208894,7.3018317
828,39.08,0.24,27.13,0.68,16.37093542,15.083936
829,4.36,0.52,28.84,0.67,9.971058937,10.138852
830,25.0,0.28,27.0,0.7,17.98720971,17.07731
831,4.0,0.57,23.0,0.74,8.622569,9.059732
832,30.38,0.28,27.78,0.65,17.11251345,16.231487
833,38.0,0.65,10.0,0.9,7.805292467,6.78596
834,22.0,0.23,24.0,0.68,14.10014846,13.316009
835,12.0,0.2,31.0,0.75,17.82882055,17.20657
836,37.0,0.65,19.0,0.94,18.86819759,19.479652
837,12.0,0.2,8.0,0.32,3.048936169,3.1248245
838,27.0,0.7,21.0,0.79,17.61001788,17.853659
839,19.0,0.7,20.0,0.8,17.0355115,17.202814
840,36.0,0.2,11.0,0.26,2.879883822,3.124773
841,29.0,0.69,20.0,0.79,16.79066391,16.94847
842,37.73,0.42,25.33,0.62,16.7295225,16.562965
843,28.0,0.62,26.0,0.71,20.54816822,20.029398
844,31.0,0.53,23.0,0.7,17.91524159,17.515274
845,38.0,0.52,11.0,0.76,7.897502439,7.918825
846,40.0,0.39,30.0,0.54,16.89600397,16.7537
847,29.0,0.28,22.0,0.65,13.27656998,12.861722
848,28.0,0.62,20.0,0.78,17.05463569,16.993273
849,34.81,0.34,21.8,0.64,13.95120671,13.816017
850,35.0,0.49,21.0,0.69,15.84626655,15.736338
851,39.0,0.42,27.0,0.57,16.29068655,16.139135
852,33.0,0.65,20.0,0.83,17.53963524,18.04689
853,22.0,0.52,25.0,0.68,18.88964193,18.403357
854,5.0,0.2,30.0,0.3,5.420585638,4.904806
855,34.0,0.65,31.0,0.65,21.9376271,21.935032
856,14.0,0.69,23.0,0.84,20.54541284,20.401676
857,37.0,0.25,12.0,0.45,5.058001724,4.7292027
858,30.0,0.24,27.0,0.44,10.33081226,9.570264
859,29.42,0.28,17.84,0.64,10.40318051,10.313371
860,31.0,0.49,26.0,0.59,16.75089086,16.368185
861,31.2,0.31,17.73,0.63,10.59999615,10.668883
862,28.61,0.33,25.36,0.55,13.69812387,13.514891
863,20.0,0.35,28.0,0.55,15.54909875,15.334531
864,33.0,0.66,14.0,0.77,10.25224633,10.4687605
865,19.0,0.44,21.0,0.63,14.19956252,14.148982
866,31.0,0.54,15.0,0.71,11.18121047,11.312503
867,28.0,0.5,23.0,0.6,15.0528038,14.7524605
868,38.67,0.25,24.29,0.48,10.10483621,9.542137
869,37.0,0.25,11.0,0.35,3.744723219,3.245345
870,28.0,0.37,30.0,0.5,15.24926682,15.191377
871,22.93,0.5,15.02,0.72,11.38011948,11.684991
872,20.0,0.58,17.0,0.77,14.05708033,14.24524
873,39.0,0.37,30.0,0.46,13.87833145,13.820833
874,20.0,0.22,21.0,0.39,6.891990624,6.5221996
875,21.0,0.5,8.0,0.69,5.361949351,5.37396
876,30.0,0.34,28.0,0.48,13.22724544,13.037807
877,24.0,0.43,32.0,0.46,15.0744619,15.375089
878,32.0,0.57,17.0,0.69,12.40815578,12.563647
879,28.0,0.44,11.0,0.63,6.882170301,7.182562
880,31.42,0.59,19.28,0.64,13.26218675,13.152242
881,24.0,0.47,17.0,0.67,12.13739326,12.371996
882,26.0,0.69,9.0,0.76,5.900392917,5.276914
883,21.0,0.55,13.0,0.71,9.301468594,9.62928
884,31.0,0.22,16.0,0.28,3.848728801,3.3348107
885,38.0,0.43,22.0,0.53,12.18792252,12.154643
886,8.38,0.68,19.8,0.92,16.99578706,15.703973
887,17.0,0.43,21.0,0.6,13.36726681,13.32986
888,19.0,0.6,23.0,0.63,15.78600685,15.38308
889,16.0,0.46,26.0,0.63,17.66306609,17.254332
890,31.0,0.28,16.0,0.48,7.199327041,7.045346
891,5.55,0.67,24.32,0.9,12.98009543,13.119691
892,39.94,0.52,25.46,0.53,14.5381401,14.182423
893,39.0,0.35,8.0,0.4,3.495299822,3.2065043
894,21.76,0.61,11.51,0.71,7.729765777,7.875242
895,12.0,0.58,12.0,0.77,9.137349642,9.234313
896,15.0,0.21,17.0,0.3,4.261712992,3.7820897
897,29.0,0.41,22.0,0.52,11.88105691,11.812504
898,14.0,0.2,16.0,0.27,3.558218325,3.207724
899,18.0,0.47,13.0,0.67,8.88857825,9.326829
900,35.06,0.48,19.63,0.57,11.93542245,11.910591
901,13.0,0.23,23.0,0.61,11.56442506,11.3343
902,27.0,0.56,16.0,0.67,11.31696309,11.4510765
903,29.0,0.5,13.0,0.62,8.025486896,8.451574
904,37.0,0.51,17.0,0.61,10.9169245,11.085424
905,14.0,0.3,19.0,0.61,10.86188308,10.943907
906,32.0,0.32,12.0,0.42,5.128784403,4.8182654
907,15.89,0.48,15.17,0.68,10.90260838,11.180514
908,38.0,0.28,24.0,0.39,8.469971557,8.022172
909,21.0,0.61,14.0,0.7,9.903609621,10.104806
910,11.0,0.24,11.0,0.31,3.31670072,3.139494
911,23.0,0.4,8.0,0.56,4.682206636,4.7093673
912,23.0,0.55,13.0,0.65,8.478729015,8.780241
913,24.0,0.35,8.0,0.45,3.864017417,3.6920128
914,22.0,0.4,28.0,0.5,14.37350429,14.338005
915,39.0,0.32,12.0,0.35,4.256921485,3.6079044
916,31.0,0.32,28.0,0.42,11.19654107,10.906984
917,35.0,0.47,14.0,0.57,8.118909049,8.419481
918,15.0,0.57,22.0,0.66,15.75340085,15.401814
919,10.0,0.62,12.0,0.78,8.754347593,8.73644
920,15.0,0.57,15.0,0.69,10.75015998,11.027869
921,27.0,0.5,24.0,0.52,13.36394378,13.025924
922,22.0,0.31,23.0,0.46,10.03713814,9.827071
923,14.0,0.54,15.0,0.68,10.65774003,10.913874
924,6.0,0.24,30.0,0.43,8.641334346,8.402128
925,16.0,0.37,8.0,0.44,3.903567833,3.6628075
926,27.0,0.34,27.0,0.45,11.75790775,11.666343
927,36.42,0.34,24.42,0.44,10.31565827,10.223848
928,26.0,0.5,25.0,0.51,13.6578662,13.267875
929,4.0,0.21,15.0,0.4,4.218515179,3.8362665
930,28.0,0.24,19.0,0.43,6.777305687,6.8016305
931,21.0,0.33,11.0,0.39,4.482470402,4.103887
932,28.66,0.45,15.92,0.57,9.393196537,9.697266
933,14.0,0.66,9.0,0.69,5.436071759,5.4176364
934,11.48,0.27,22.26,0.62,12.01841097,11.95886
935,23.99,0.55,10.14,0.58,5.3133411,5.7669816
936,6.0,0.62,29.0,0.74,13.05234173,12.715497
937,31.0,0.41,10.0,0.51,5.187510382,5.2063866
938,20.0,0.38,20.0,0.51,10.34821936,10.4135065
939,12.0,0.43,26.0,0.58,14.7802433,14.976492
940,35.46,0.28,9.56,0.5,3.891272807,4.483653
941,32.0,0.51,10.0,0.53,5.097107305,5.166096
942,17.0,0.32,14.0,0.48,6.646600227,6.6914887
943,29.0,0.26,17.0,0.27,4.087929025,3.623499
944,25.96,0.3,19.66,0.47,8.507730163,8.577539
945,31.2,0.44,10.02,0.52,4.847636025,5.2940097
946,15.0,0.23,28.0,0.32,7.30647279,6.8559275
947,35.0,0.39,12.0,0.45,5.559690016,5.4260564
948,28.0,0.55,16.0,0.57,9.456630463,9.574839
949,33.15,0.31,23.1,0.4,8.498481952,8.390966
950,15.0,0.39,19.0,0.54,10.44472488,10.577413
951,16.0,0.44,31.0,0.46,14.36032002,14.441718
952,23.0,0.6,16.0,0.6,9.795520493,9.990887
953,36.0,0.36,21.0,0.41,8.49607721,8.367566
954,31.0,0.28,19.0,0.33,5.718524253,5.444152
955,23.0,0.48,16.0,0.56,9.349432748,9.58547
956,39.0,0.37,18.0,0.42,7.536447381,7.526033
957,32.0,0.38,19.0,0.45,8.616780403,8.614333
958,33.0,0.38,12.0,0.38,4.727798285,4.301876
959,13.0,0.38,29.0,0.53,14.84386254,14.95179
960,12.87,0.2,15.24,0.45,5.054006424,5.6001
961,36.0,0.38,19.0,0.43,8.204981369,8.178644
962,19.0,0.38,14.0,0.5,7.144143281,7.3361354
963,22.0,0.24,23.0,0.28,5.349528736,5.0333905
964,14.33,0.45,19.68,0.55,11.32434822,11.303077
965,20.0,0.25,10.0,0.48,3.83707719,4.4779654
966,33.0,0.24,26.0,0.26,5.466163491,5.1370454
967,28.0,0.32,22.0,0.37,7.680051671,7.4819045
968,13.0,0.43,13.0,0.56,7.45241146,7.7435875
969,35.37,0.23,26.86,0.28,5.735536049,5.656628
970,35.29,0.29,20.1,0.37,6.547751411,6.5996833
971,7.26,0.2,19.05,0.39,5.00547613,5.4833913
972,21.0,0.27,31.0,0.29,7.69907884,7.3082075
973,13.0,0.43,25.0,0.56,14.09572004,14.122138
974,34.28,0.25,12.29,0.41,4.05264135,4.3483725
